Size,CPU_Time_ms,GPU_Naive_Time_ms
128,8.35426,1.93955
256,16.7665,0.484672
512,242.124,1.55747
1024,1732.75,4.61808
2048,58596.1,16.7757
